<?xml version="1.0" encoding="UTF-8"?><?xml-stylesheet type='text/xsl' href='_UpgradeReport_Files/UpgradeReport.xslt'?><UpgradeLog>
<Properties><Property Name="Solution" Value="GATest">
</Property><Property Name="解决方案文件" Value="D:\2008软件工程\GATest\GATest.sln">
</Property><Property Name="Date" Value="2008年10月11日">
</Property><Property Name="Time" Value="22:07">
</Property></Properties><Event ErrorLevel="0" Project="GATest" Source="GATest.csproj" Description="项目已成功转换">
</Event><Event ErrorLevel="3" Project="GATest" Source="GATest.csproj" Description="Converted">
</Event><Event ErrorLevel="0" Project="" Source="GATest.sln" Description="成功转换解决方案">
</Event><Event ErrorLevel="3" Project="" Source="GATest.sln" Description="Converted">
</Event><Event ErrorLevel="0" Project="GATest" Source="GATest.csproj" Description="扫描完成: 项目文件不需要升级。">
</Event></UpgradeLog>